<?xml version="1.0" encoding="utf-8" standalone="yes"?>
<rss version="2.0" xmlns:atom="http://www.w3.org/2005/Atom">
  <channel>
    <title>Categories on Eric B.</title>
    <link>https://example.com/categories/</link>
    <description>Recent content in Categories on Eric B.</description>
    <generator>Hugo -- gohugo.io</generator>
    <language>en-US</language>
    
	<atom:link href="https://example.com/categories/index.xml" rel="self" type="application/rss+xml" />
    
    
    
    <item>
      <title>Hello</title>
      <link>https://example.com/hello/</link>
      <pubDate>Tue, 14 Jun 2022 20:33:01 +0200</pubDate>
      
      <guid>https://example.com/hello/</guid>
      <description>&lt;p&gt;First post.&lt;/p&gt;
</description>
    </item>
    
    
    
    
  </channel>
</rss>
